,0,filename
0,Bougainvillea,
1,Bougainvillea,
2,Bougainvillea,
3,Bougainvillea,
4,Bougainvillea,
5,Bougainvillea,
6,Bougainvillea,
7,Bougainvillea,
8,Bougainvillea,
9,Bougainvillea,
10,Bougainvillea,
11,Bougainvillea,
12,Bougainvillea,
13,Bougainvillea,
14,Bougainvillea,
15,Daisies,
16,Daisies,
17,Daisies,
18,Daisies,
19,Daisies,
20,Daisies,
21,Daisies,
22,Daisies,
23,Daisies,
24,Daisies,
25,Daisies,
26,Daisies,
27,Daisies,
28,Daisies,
29,Daisies,
30,Daisies,
31,Daisies,
32,Daisies,
33,Daisies,
34,Gardenias,
35,Gardenias,
36,Gardenias,
37,Gardenias,
38,Gardenias,
39,Gardenias,
40,Gardenias,
41,Gardenias,
42,Gardenias,
43,Gardenias,
44,Gardenias,
45,Gardenias,
46,Gardenias,
47,Gardenias,
48,Gardenias,
49,Gardenias,
50,Hibiscus,
51,Hibiscus,
52,Hibiscus,
53,Hibiscus,
54,Hibiscus,
55,Hibiscus,
56,Hibiscus,
57,Hibiscus,
58,Hibiscus,
59,Hibiscus,
60,Hibiscus,
61,Hibiscus,
62,Hibiscus,
63,Hibiscus,
64,Hibiscus,
65,Hydrangeas,
66,Hydrangeas,
67,Hydrangeas,
68,Hydrangeas,
69,Hydrangeas,
70,Hydrangeas,
71,Hydrangeas,
72,Hydrangeas,
73,Lilies,
74,Lilies,
75,Lilies,
76,Lilies,
77,Lilies,
78,Lilies,
79,Lilies,
80,Lilies,
81,Lilies,
82,Lilies,
83,Lilies,
84,Lilies,
85,Lilies,
86,Lilies,
87,Lilies,
88,Lilies,
89,Lilies,
90,Lilies,
91,Orchids,
92,Orchids,
93,Orchids,
94,Orchids,
95,Orchids,
96,Orchids,
97,Orchids,
98,Orchids,
99,Orchids,
100,Orchids,
101,Peonies,
102,Peonies,
103,Peonies,
104,Peonies,
105,Peonies,
106,Peonies,
107,Peonies,
108,Peonies,
109,Peonies,
110,Peonies,
111,Peonies,
112,Peonies,
113,Peonies,
114,Peonies,
115,Peonies,
116,Rose,
117,Rose,
118,Rose,
119,Rose,
120,Rose,
121,Rose,
122,Rose,
123,Rose,
124,Rose,
125,Rose,
126,Rose,
127,Rose,
128,Rose,
129,Rose,
130,Rose,
131,Tulip,
132,Tulip,
133,Tulip,
134,Tulip,
135,Tulip,
136,Tulip,
137,Tulip,
138,Tulip,
139,Tulip,
140,Tulip,
141,Tulip,
142,Tulip,
143,Tulip,
